1,1377986401,68.451,0,11,0,0
2,1377986401,19.927,1,11,0,0
3,1377986401,11.721,0,2,0,0
4,1377986401,9.472,1,2,0,0
5,1377986401,0,1,3,0,0
6,1377986401,0.355,0,3,0,0
7,1377986401,68.451,0,7,0,0
8,1377986401,17.743,1,7,0,0
9,1377986401,0,1,9,0,0
10,1377986401,3.701,0,9,0,0
11,1377986401,11.721,0,0,1,0
12,1377986401,21.254,1,0,1,0
13,1377986401,0,1,1,1,0
14,1377986401,3.216,0,1,1,0
15,1377986401,0,1,10,1,0
16,1377986401,0.788,0,10,1,0
17,1377986401,0,1,12,1,0
18,1377986401,0.788,0,12,1,0
19,1377986401,68.451,0,2,1,0
20,1377986401,33.291,1,2,1,0
21,1377986401,11.721,0,4,1,0
22,1377986401,18.033,1,4,1,0
23,1377986401,0,1,6,1,0
24,1377986401,3.216,0,6,1,0
25,1377986401,0,1,0,10,0
26,1377986401,3.216,0,0,10,0
27,1377986401,0,1,0,11,0
28,1377986401,0.788,0,0,11,0
29,1377986401,68.451,0,2,11,0
30,1377986401,17.367,1,2,11,0
31,1377986401,0,1,1,12,0
32,1377986401,3.216,0,1,12,0
33,1377986401,0,1,4,12,0
34,1377986401,0.788,0,4,12,0
35,1377986401,0.161,0,10,13,0
36,1377986401,0,1,10,13,0
37,1377986401,11.721,0,11,13,0
38,1377986401,15.737,1,11,13,0
39,1377986401,0,1,2,13,0
40,1377986401,3.701,0,2,13,0
41,1377986401,0,1,4,13,0
42,1377986401,0.355,0,4,13,0
43,1377986401,11.721,0,5,13,0
44,1377986401,20.34,1,5,13,0
45,1377986401,0,1,9,13,0
46,1377986401,3.216,0,9,13,0
47,1377986401,0.161,0,0,2,0
48,1377986401,0,1,0,2,0
49,1377986401,0,1,1,2,0
50,1377986401,3.216,0,1,2,0
51,1377986401,0.161,0,3,2,0
52,1377986401,0,1,3,2,0
53,1377986401,0,1,4,2,0
54,1377986401,3.701,0,4,2,0
55,1377986401,0,1,6,2,0
56,1377986401,3.216,0,6,2,0
57,1377986401,68.451,0,0,3,0
58,1377986401,40.356,1,0,3,0
59,1377986401,11.721,0,3,3,0
60,1377986401,14.593,1,3,3,0
61,1377986401,0,1,0,4,0
62,1377986401,0.788,0,0,4,0
63,1377986401,0,1,2,4,0
64,1377986401,0.788,0,2,4,0
65,1377986401,0,1,0,5,0
66,1377986401,3.701,0,0,5,0
67,1377986401,0,1,1,5,0
68,1377986401,3.701,0,1,5,0
69,1377986401,0,1,2,5,0
70,1377986401,0.788,0,2,5,0
71,1377986401,0,1,1,6,0
72,1377986401,0.355,0,1,6,0
73,1377986401,11.721,0,11,6,0
74,1377986401,30.748,1,11,6,0
75,1377986401,0,1,12,6,0
76,1377986401,3.216,0,12,6,0
77,1377986401,11.721,0,2,6,0
78,1377986401,10.977,1,2,6,0
79,1377986401,68.451,0,4,6,0
80,1377986401,69.812,1,4,6,0
81,1377986401,11.721,0,5,6,0
82,1377986401,6.147,1,5,6,0
83,1377986401,0,1,8,6,0
84,1377986401,0.355,0,8,6,0
85,1377986401,0,1,9,6,0
86,1377986401,0.788,0,9,6,0
87,1377986401,0,1,1,7,0
88,1377986401,3.701,0,1,7,0
89,1377986401,0,1,2,7,0
90,1377986401,3.701,0,2,7,0
91,1377986401,0,1,4,7,0
92,1377986401,3.701,0,4,7,0
93,1377986401,68.451,0,6,7,0
94,1377986401,16.308,1,6,7,0
95,1377986401,11.721,0,7,7,0
96,1377986401,31.633,1,7,7,0
97,1377986401,0,1,8,7,0
98,1377986401,3.216,0,8,7,0
99,1377986401,11.721,0,0,8,0
100,1377986401,9.8,1,0,8,0
101,1377986401,0,1,2,8,0
102,1377986401,0.355,0,2,8,0
103,1377986401,0,1,3,8,0
104,1377986401,0.788,0,3,8,0
105,1377986401,0,1,5,8,0
106,1377986401,0.355,0,5,8,0
107,1377986401,0.161,0,8,8,0
108,1377986401,0,1,8,8,0
109,1377986401,68.451,0,9,8,0
110,1377986401,39.344,1,9,8,0
111,1377986401,0.161,0,0,9,0
112,1377986401,0,1,0,9,0
113,1377986401,0,1,10,9,0
114,1377986401,3.216,0,10,9,0
115,1377986401,0.161,0,12,9,0
116,1377986401,0,1,12,9,0
117,1377986401,0,1,2,9,0
118,1377986401,0.355,0,2,9,0
119,1377986401,0.161,0,3,9,0
120,1377986401,0,1,3,9,0
121,1377986401,0,1,4,9,0
122,1377986401,0.788,0,4,9,0
123,1377986401,0.161,0,5,9,0
124,1377986401,0,1,5,9,0
125,1377986401,0.161,0,6,9,0
126,1377986401,0,1,6,9,0
127,1377986401,0,1,9,9,0
128,1377986401,3.216,0,9,9,0
129,1377986401,0,1,1,1,1
130,1377986401,0.355,0,1,1,1
131,1377986401,0,1,2,1,1
132,1377986401,3.216,0,2,1,1
133,1377986401,0,1,1,2,1
134,1377986401,0.355,0,1,2,1
135,1377986401,11.721,0,4,2,1
136,1377986401,16.456,1,4,2,1
137,1377986401,0.161,0,0,0,10
138,1377986401,0,1,0,0,10
139,1377986401,0,1,1,0,10
140,1377986401,3.216,0,1,0,10
141,1377986401,0.161,0,3,0,10
142,1377986401,0,1,3,0,10
143,1377986401,0,1,4,0,10
144,1377986401,3.216,0,4,0,10
145,1377986401,11.721,0,5,0,10
146,1377986401,27.879,1,5,0,10
147,1377986401,0.161,0,6,0,10
148,1377986401,0,1,6,0,10
149,1377986401,11.721,0,7,0,10
150,1377986401,15.886,1,7,0,10
151,1377986401,0,1,8,0,10
152,1377986401,0.788,0,8,0,10
153,1377986401,0,1,1,1,10
154,1377986401,3.701,0,1,1,10
155,1377986401,0,1,2,1,10
156,1377986401,3.216,0,2,1,10
157,1377986401,0,1,0,2,10
158,1377986401,3.216,0,0,2,10
159,1377986401,68.451,0,2,2,10
160,1377986401,51.269,1,2,2,10
161,1377986401,0,1,3,3,10
162,1377986401,3.216,0,3,3,10
163,1377986401,0,1,1,4,10
164,1377986401,0.788,0,1,4,10
165,1377986401,0,1,5,4,10
166,1377986401,3.216,0,5,4,10
167,1377986401,0,1,10,0,11
168,1377986401,3.216,0,10,0,11
169,1377986401,0,1,11,0,11
170,1377986401,3.216,0,11,0,11
171,1377986401,0,1,13,0,11
172,1377986401,3.216,0,13,0,11
173,1377986401,11.721,0,2,0,11
174,1377986401,12.861,1,2,0,11
175,1377986401,0,1,3,0,11
176,1377986401,3.216,0,3,0,11
177,1377986401,0,1,4,0,11
178,1377986401,3.216,0,4,0,11
179,1377986401,11.721,0,5,0,11
180,1377986401,18.106,1,5,0,11
181,1377986401,0,1,6,0,11
182,1377986401,3.216,0,6,0,11
183,1377986401,68.451,0,7,0,11
184,1377986401,24.191,1,7,0,11
185,1377986401,0,1,8,0,11
186,1377986401,0.788,0,8,0,11
187,1377986401,0,1,0,1,11
188,1377986401,0.355,0,0,1,11
189,1377986401,0,1,2,1,11
190,1377986401,3.216,0,2,1,11
191,1377986401,11.721,0,3,1,11
192,1377986401,14.514,1,3,1,11
193,1377986401,11.721,0,4,2,11
194,1377986401,17.991,1,4,2,11
195,1377986401,68.451,0,6,2,11
196,1377986401,44.757,1,6,2,11
197,1377986401,0,1,8,2,11
198,1377986401,3.216,0,8,2,11
199,1377986401,11.721,0,0,5,11
200,1377986401,14.561,1,0,5,11
201,1377986401,0,1,3,5,11
202,1377986401,0.355,0,3,5,11
203,1377986401,0,1,4,5,11
204,1377986401,0.788,0,4,5,11
205,1377986401,11.721,0,0,0,12
206,1377986401,11.294,1,0,0,12
207,1377986401,11.721,0,1,0,12
208,1377986401,27.768,1,1,0,12
209,1377986401,0,1,3,0,12
210,1377986401,3.701,0,3,0,12
211,1377986401,0,1,0,1,12
212,1377986401,3.216,0,0,1,12
213,1377986401,0,1,1,1,12
214,1377986401,0.355,0,1,1,12
215,1377986401,0,1,2,1,12
216,1377986401,3.216,0,2,1,12
217,1377986401,0.161,0,3,1,12
218,1377986401,0,1,3,1,12
219,1377986401,0,1,0,2,12
220,1377986401,0.355,0,0,2,12
221,1377986401,0,1,1,2,12
222,1377986401,3.216,0,1,2,12
223,1377986401,0,1,10,2,12
224,1377986401,0.355,0,10,2,12
225,1377986401,0,1,13,2,12
226,1377986401,3.216,0,13,2,12
227,1377986401,0.161,0,3,2,12
228,1377986401,0,1,3,2,12
229,1377986401,68.451,0,4,2,12
230,1377986401,45.156,1,4,2,12
231,1377986401,0,1,5,2,12
232,1377986401,3.216,0,5,2,12
233,1377986401,0,1,9,2,12
234,1377986401,3.701,0,9,2,12
235,1377986401,11.721,0,4,3,12
236,1377986401,18.581,1,4,3,12
237,1377986401,0,1,5,3,12
238,1377986401,3.701,0,5,3,12
239,1377986401,0,1,6,3,12
240,1377986401,0.788,0,6,3,12
241,1377986401,0,1,0,0,13
242,1377986401,0.788,0,0,0,13
243,1377986401,68.451,0,1,0,13
244,1377986401,43.096,1,1,0,13
245,1377986401,0,1,0,1,13
246,1377986401,3.216,0,0,1,13
247,1377986401,0.161,0,11,1,13
248,1377986401,0,1,11,1,13
249,1377986401,0.161,0,13,1,13
250,1377986401,0,1,13,1,13
251,1377986401,0,1,3,1,13
252,1377986401,3.701,0,3,1,13
253,1377986401,0,1,5,1,13
254,1377986401,0.788,0,5,1,13
255,1377986401,0,1,8,1,13
256,1377986401,0.788,0,8,1,13
257,1377986401,0,1,9,1,13
258,1377986401,0.355,0,9,1,13
259,1377986401,0,1,1,0,14
260,1377986401,3.701,0,1,0,14
261,1377986401,0,1,0,1,14
262,1377986401,3.701,0,0,1,14
263,1377986401,0,1,2,1,14
264,1377986401,3.216,0,2,1,14
265,1377986401,0,1,0,10,14
266,1377986401,3.216,0,0,10,14
267,1377986401,0,1,2,10,14
268,1377986401,3.701,0,2,10,14
269,1377986401,0,1,4,10,14
270,1377986401,0.788,0,4,10,14
271,1377986401,11.721,0,5,10,14
272,1377986401,28.272,1,5,10,14
273,1377986401,0,1,7,10,14
274,1377986401,3.701,0,7,10,14
275,1377986401,0.161,0,9,10,14
276,1377986401,0,1,9,10,14
277,1377986401,11.721,0,0,11,14
278,1377986401,9.548,1,0,11,14
279,1377986401,0,1,2,11,14
280,1377986401,3.216,0,2,11,14
281,1377986401,0,1,1,12,14
282,1377986401,3.216,0,1,12,14
283,1377986401,11.721,0,10,12,14
284,1377986401,12.591,1,10,12,14
285,1377986401,11.721,0,11,12,14
286,1377986401,9.93,1,11,12,14
287,1377986401,0,1,2,12,14
288,1377986401,3.701,0,2,12,14
289,1377986401,0,1,3,12,14
290,1377986401,3.216,0,3,12,14
291,1377986401,0,1,8,12,14
292,1377986401,3.701,0,8,12,14
293,1377986401,0,1,9,12,14
294,1377986401,0.788,0,9,12,14
295,1377986401,0,1,0,13,14
296,1377986401,0.788,0,0,13,14
297,1377986401,11.721,0,3,13,14
298,1377986401,18.353,1,3,13,14
299,1377986401,0,1,4,13,14
300,1377986401,3.216,0,4,13,14
301,1377986401,11.721,0,10,14,14
302,1377986401,7.395,1,10,14,14
303,1377986401,0.161,0,11,14,14
304,1377986401,0,1,11,14,14
305,1377986401,68.451,0,3,14,14
306,1377986401,72.591,1,3,14,14
307,1377986401,68.451,0,4,14,14
308,1377986401,70.792,1,4,14,14
309,1377986401,0,1,5,14,14
310,1377986401,3.216,0,5,14,14
311,1377986401,0.161,0,9,14,14
312,1377986401,0,1,9,14,14
313,1377986401,0,1,0,15,14
314,1377986401,0.355,0,0,15,14
315,1377986401,0,1,2,15,14
316,1377986401,3.216,0,2,15,14
317,1377986401,68.451,0,5,15,14
318,1377986401,27.634,1,5,15,14
319,1377986401,68.451,0,6,15,14
320,1377986401,24.936,1,6,15,14
321,1377986401,11.721,0,9,15,14
322,1377986401,13.49,1,9,15,14
323,1377986401,0.161,0,1,16,14
324,1377986401,0,1,1,16,14
325,1377986401,11.721,0,3,16,14
326,1377986401,13.886,1,3,16,14
327,1377986401,0.161,0,0,17,14
328,1377986401,0,1,0,17,14
329,1377986401,0.161,0,3,2,14
330,1377986401,0,1,3,2,14
331,1377986401,0,1,4,2,14
332,1377986401,0.788,0,4,2,14
333,1377986401,0,1,2,3,14
334,1377986401,3.701,0,2,3,14
335,1377986401,68.451,0,4,3,14
336,1377986401,54.751,1,4,3,14
337,1377986401,0,1,0,4,14
338,1377986401,3.216,0,0,4,14
339,1377986401,0,1,0,5,14
340,1377986401,3.216,0,0,5,14
341,1377986401,68.451,0,1,5,14
342,1377986401,20.577,1,1,5,14
343,1377986401,0.161,0,3,5,14
344,1377986401,0,1,3,5,14
345,1377986401,0,1,1,6,14
346,1377986401,3.216,0,1,6,14
347,1377986401,68.451,0,12,6,14
348,1377986401,35.943,1,12,6,14
349,1377986401,0,1,2,6,14
350,1377986401,3.216,0,2,6,14
351,1377986401,68.451,0,3,6,14
352,1377986401,39.574,1,3,6,14
353,1377986401,0,1,4,6,14
354,1377986401,3.216,0,4,6,14
355,1377986401,0,1,5,6,14
356,1377986401,0.788,0,5,6,14
357,1377986401,0,1,6,6,14
358,1377986401,3.216,0,6,6,14
359,1377986401,0,1,7,6,14
360,1377986401,0.355,0,7,6,14
361,1377986401,11.721,0,9,6,14
362,1377986401,22.684,1,9,6,14
363,1377986401,0,1,2,7,14
364,1377986401,0.788,0,2,7,14
365,1377986401,11.721,0,3,7,14
366,1377986401,31.534,1,3,7,14
367,1377986401,0,1,4,7,14
368,1377986401,3.216,0,4,7,14
369,1377986401,0,1,0,8,14
370,1377986401,3.216,0,0,8,14
371,1377986401,0.161,0,2,8,14
372,1377986401,0,1,2,8,14
373,1377986401,68.451,0,3,8,14
374,1377986401,66.191,1,3,8,14
375,1377986401,68.451,0,0,9,14
376,1377986401,45.644,1,0,9,14
377,1377986401,0,1,1,9,14
378,1377986401,3.216,0,1,9,14
379,1377986401,68.451,0,11,9,14
380,1377986401,28.531,1,11,9,14
381,1377986401,11.721,0,12,9,14
382,1377986401,25.541,1,12,9,14
383,1377986401,0,1,2,9,14
384,1377986401,3.216,0,2,9,14
385,1377986401,11.721,0,3,9,14
386,1377986401,22.352,1,3,9,14
387,1377986401,11.721,0,4,9,14
388,1377986401,27.604,1,4,9,14
389,1377986401,0,1,5,9,14
390,1377986401,3.701,0,5,9,14
391,1377986401,0,1,6,9,14
392,1377986401,0.355,0,6,9,14
393,1377986401,0,1,9,9,14
394,1377986401,3.216,0,9,9,14
395,1377986401,0,1,10,0,15
396,1377986401,0.355,0,10,0,15
397,1377986401,0.161,0,11,0,15
398,1377986401,0,1,11,0,15
399,1377986401,0,1,12,0,15
400,1377986401,3.216,0,12,0,15
401,1377986401,0,1,13,0,15
402,1377986401,3.701,0,13,0,15
403,1377986401,0.161,0,2,0,15
404,1377986401,0,1,2,0,15
405,1377986401,0,1,4,0,15
406,1377986401,3.216,0,4,0,15
407,1377986401,68.451,0,7,0,15
408,1377986401,58.157,1,7,0,15
409,1377986401,0,1,8,0,15
410,1377986401,3.216,0,8,0,15
411,1377986401,0,1,9,0,15
412,1377986401,0.788,0,9,0,15
413,1377986401,0,1,0,1,15
414,1377986401,3.216,0,0,1,15
415,1377986401,0,1,3,1,15
416,1377986401,0.355,0,3,1,15
417,1377986401,0,1,13,2,15
418,1377986401,3.216,0,13,2,15
419,1377986401,0,1,4,2,15
420,1377986401,3.701,0,4,2,15
421,1377986401,0,1,6,2,15
422,1377986401,3.701,0,6,2,15
423,1377986401,0,1,8,2,15
424,1377986401,3.216,0,8,2,15
425,1377986401,0,1,0,3,15
426,1377986401,0.355,0,0,3,15
427,1377986401,0.161,0,2,3,15
428,1377986401,0,1,2,3,15
429,1377986401,68.451,0,3,3,15
430,1377986401,47.298,1,3,3,15
431,1377986401,0,1,4,3,15
432,1377986401,3.216,0,4,3,15
433,1377986401,0,1,5,3,15
434,1377986401,0.355,0,5,3,15
435,1377986401,0,1,6,3,15
436,1377986401,0.788,0,6,3,15
437,1377986401,0,1,11,0,16
438,1377986401,3.701,0,11,0,16
439,1377986401,0,1,12,0,16
440,1377986401,0.788,0,12,0,16
441,1377986401,68.451,0,13,0,16
442,1377986401,60.941,1,13,0,16
443,1377986401,0,1,6,0,16
444,1377986401,3.216,0,6,0,16
445,1377986401,68.451,0,7,0,16
446,1377986401,31.723,1,7,0,16
447,1377986401,0,1,9,0,16
448,1377986401,0.355,0,9,0,16
449,1377986401,0,1,0,1,16
450,1377986401,0.788,0,0,1,16
451,1377986401,0.161,0,1,1,16
452,1377986401,0,1,1,1,16
453,1377986401,0,1,3,1,16
454,1377986401,0.788,0,3,1,16
455,1377986401,0,1,4,1,16
456,1377986401,3.216,0,4,1,16
457,1377986401,0,1,9,1,16
458,1377986401,3.701,0,9,1,16
459,1377986401,0,1,0,10,16
460,1377986401,3.701,0,0,10,16
461,1377986401,11.721,0,2,10,16
462,1377986401,27.692,1,2,10,16
463,1377986401,0,1,6,10,16
464,1377986401,3.216,0,6,10,16
465,1377986401,68.451,0,8,10,16
466,1377986401,56.716,1,8,10,16
467,1377986401,68.451,0,9,10,16
468,1377986401,60.001,1,9,10,16
469,1377986401,0,1,0,2,16
470,1377986401,0.788,0,0,2,16
471,1377986401,0,1,1,2,16
472,1377986401,3.216,0,1,2,16
473,1377986401,0,1,2,2,16
474,1377986401,3.216,0,2,2,16
475,1377986401,0,1,3,2,16
476,1377986401,3.216,0,3,2,16
477,1377986401,68.451,0,0,3,16
478,1377986401,36.315,1,0,3,16
479,1377986401,0,1,0,4,16
480,1377986401,0.788,0,0,4,16
481,1377986401,0,1,2,4,16
482,1377986401,0.355,0,2,4,16
483,1377986401,0.161,0,4,4,16
484,1377986401,0,1,4,4,16
485,1377986401,0,1,5,4,16
486,1377986401,3.216,0,5,4,16
487,1377986401,0,1,6,4,16
488,1377986401,3.216,0,6,4,16
489,1377986401,0,1,0,5,16
490,1377986401,0.355,0,0,5,16
491,1377986401,11.721,0,1,5,16
492,1377986401,41.177,1,1,5,16
493,1377986401,0,1,3,5,16
494,1377986401,3.216,0,3,5,16
495,1377986401,0,1,4,5,16
496,1377986401,3.701,0,4,5,16
497,1377986401,0,1,6,5,16
498,1377986401,3.701,0,6,5,16
499,1377986401,0,1,0,6,16
500,1377986401,3.216,0,0,6,16
501,1377986401,0,1,1,6,16
502,1377986401,0.355,0,1,6,16
503,1377986401,0,1,2,6,16
504,1377986401,3.701,0,2,6,16
505,1377986401,68.451,0,3,6,16
506,1377986401,22.513,1,3,6,16
507,1377986401,0,1,0,7,16
508,1377986401,3.701,0,0,7,16
509,1377986401,0,1,1,7,16
510,1377986401,3.216,0,1,7,16
511,1377986401,68.451,0,2,7,16
512,1377986401,18.362,1,2,7,16
513,1377986401,11.721,0,3,7,16
514,1377986401,21.495,1,3,7,16
515,1377986401,0.161,0,0,8,16
516,1377986401,0,1,0,8,16
517,1377986401,0,1,11,8,16
518,1377986401,0.355,0,11,8,16
519,1377986401,0,1,12,8,16
520,1377986401,3.216,0,12,8,16
521,1377986401,0,1,13,8,16
522,1377986401,3.216,0,13,8,16
523,1377986401,0,1,2,8,16
524,1377986401,3.216,0,2,8,16
525,1377986401,0.161,0,6,8,16
526,1377986401,0,1,6,8,16
527,1377986401,0,1,7,8,16
528,1377986401,0.355,0,7,8,16
529,1377986401,0,1,8,8,16
530,1377986401,3.701,0,8,8,16
531,1377986401,0,1,9,8,16
532,1377986401,3.216,0,9,8,16
533,1377986401,11.721,0,2,9,16
534,1377986401,11.868,1,2,9,16
535,1377986401,0,1,3,9,16
536,1377986401,0.355,0,3,9,16
537,1377986401,0,1,4,9,16
538,1377986401,3.216,0,4,9,16
539,1377986401,0,1,5,9,16
540,1377986401,0.788,0,5,9,16
541,1377986401,0,1,0,0,17
542,1377986401,0.788,0,0,0,17
543,1377986401,0,1,1,0,17
544,1377986401,0.788,0,1,0,17
545,1377986401,0,1,4,0,17
546,1377986401,3.216,0,4,0,17
547,1377986401,68.451,0,0,1,17
548,1377986401,36.341,1,0,1,17
549,1377986401,11.721,0,3,1,17
550,1377986401,11.497,1,3,1,17
551,1377986401,0,1,6,1,17
552,1377986401,3.701,0,6,1,17
553,1377986401,0,1,7,1,17
554,1377986401,3.216,0,7,1,17
555,1377986401,0,1,8,1,17
556,1377986401,0.355,0,8,1,17
557,1377986401,0,1,0,2,17
558,1377986401,0.355,0,0,2,17
559,1377986401,0,1,1,2,17
560,1377986401,0.355,0,1,2,17
561,1377986401,0,1,1,3,17
562,1377986401,0.355,0,1,3,17
563,1377986401,0,1,1,0,18
564,1377986401,3.216,0,1,0,18
565,1377986401,11.721,0,4,0,18
566,1377986401,8.333,1,4,0,18
567,1377986401,0,1,0,1,18
568,1377986401,0.788,0,0,1,18
569,1377986401,0,1,2,1,18
570,1377986401,3.216,0,2,1,18
571,1377986401,68.451,0,3,1,18
572,1377986401,58.055,1,3,1,18
573,1377986401,68.451,0,0,2,18
574,1377986401,33.808,1,0,2,18
575,1377986401,0,1,1,2,18
576,1377986401,0.788,0,1,2,18
577,1377986401,0,1,2,2,18
578,1377986401,3.216,0,2,2,18
579,1377986401,0,1,4,2,18
580,1377986401,0.355,0,4,2,18
581,1377986401,11.721,0,5,2,18
582,1377986401,7.296,1,5,2,18
583,1377986401,0,1,2,3,18
584,1377986401,3.701,0,2,3,18
585,1377986401,0,1,3,3,18
586,1377986401,3.701,0,3,3,18
587,1377986401,68.451,0,5,3,18
588,1377986401,26.976,1,5,3,18
589,1377986401,0,1,6,3,18
590,1377986401,0.355,0,6,3,18
591,1377986401,11.721,0,8,3,18
592,1377986401,10.863,1,8,3,18
593,1377986401,0,1,9,3,18
594,1377986401,0.788,0,9,3,18
595,1377986401,68.451,0,2,4,18
596,1377986401,42.939,1,2,4,18
597,1377986401,11.721,0,3,4,18
598,1377986401,26.336,1,3,4,18
599,1377986401,0,1,7,4,18
600,1377986401,3.216,0,7,4,18
601,1377986401,0,1,0,0,19
602,1377986401,3.216,0,0,0,19
603,1377986401,0,1,1,0,19
604,1377986401,0.355,0,1,0,19
605,1377986401,0.161,0,2,0,19
606,1377986401,0,1,2,0,19
607,1377986401,0,1,3,0,19
608,1377986401,3.216,0,3,0,19
609,1377986401,0,1,4,0,19
610,1377986401,3.216,0,4,0,19
611,1377986401,0,1,5,0,19
612,1377986401,3.701,0,5,0,19
613,1377986401,0,1,6,0,19
614,1377986401,0.788,0,6,0,19
615,1377986401,0,1,0,0,2
616,1377986401,0.788,0,0,0,2
617,1377986401,0,1,12,0,2
618,1377986401,0.355,0,12,0,2
619,1377986401,11.721,0,13,0,2
620,1377986401,21.78,1,13,0,2
621,1377986401,0.161,0,2,0,2
622,1377986401,0,1,2,0,2
623,1377986401,0,1,3,0,2
624,1377986401,3.216,0,3,0,2
625,1377986401,0,1,4,0,2
626,1377986401,3.216,0,4,0,2
627,1377986401,0,1,5,0,2
628,1377986401,3.701,0,5,0,2
629,1377986401,0.161,0,7,0,2
630,1377986401,0,1,7,0,2
631,1377986401,0,1,8,0,2
632,1377986401,0.355,0,8,0,2
633,1377986401,11.721,0,1,1,2
634,1377986401,25.215,1,1,1,2
635,1377986401,68.451,0,0,2,2
636,1377986401,49.051,1,0,2,2
637,1377986401,0,1,1,2,2
638,1377986401,3.216,0,1,2,2
639,1377986401,0.161,0,2,2,2
640,1377986401,0,1,2,2,2
641,1377986401,0,1,6,2,2
642,1377986401,3.216,0,6,2,2
643,1377986401,68.451,0,7,2,2
644,1377986401,33.269,1,7,2,2
645,1377986401,0,1,8,2,2
646,1377986401,3.216,0,8,2,2
647,1377986401,0,1,0,3,2
648,1377986401,0.355,0,0,3,2
649,1377986401,68.451,0,1,3,2
650,1377986401,19.841,1,1,3,2
651,1377986401,0,1,3,3,2
652,1377986401,3.216,0,3,3,2
653,1377986401,0,1,5,3,2
654,1377986401,3.216,0,5,3,2
655,1377986401,0,1,6,3,2
656,1377986401,0.788,0,6,3,2
657,1377986401,0,1,8,3,2
658,1377986401,3.216,0,8,3,2
659,1377986401,0,1,9,3,2
660,1377986401,0.788,0,9,3,2
661,1377986401,0.161,0,0,4,2
662,1377986401,0,1,0,4,2
663,1377986401,68.451,0,1,4,2
664,1377986401,63.968,1,1,4,2
665,1377986401,0,1,2,4,2
666,1377986401,3.216,0,2,4,2
667,1377986401,0,1,4,4,2
668,1377986401,3.701,0,4,4,2
669,1377986401,0,1,1,5,2
670,1377986401,3.216,0,1,5,2
671,1377986401,0,1,2,5,2
672,1377986401,0.355,0,2,5,2
673,1377986401,11.721,0,4,5,2
674,1377986401,23.814,1,4,5,2
675,1377986401,0,1,5,5,2
676,1377986401,0.355,0,5,5,2
677,1377986401,0,1,6,5,2
678,1377986401,0.788,0,6,5,2
679,1377986401,0.161,0,0,0,20
680,1377986401,0,1,0,0,20
681,1377986401,0,1,1,0,20
682,1377986401,0.788,0,1,0,20
683,1377986401,0,1,4,0,20
684,1377986401,0.788,0,4,0,20
685,1377986401,0.161,0,0,1,20
686,1377986401,0,1,0,1,20
687,1377986401,0,1,1,1,20
688,1377986401,0.788,0,1,1,20
689,1377986401,11.721,0,2,1,20
690,1377986401,7.137,1,2,1,20
691,1377986401,68.451,0,3,1,20
692,1377986401,23.74,1,3,1,20
693,1377986401,0,1,5,1,20
694,1377986401,0.788,0,5,1,20
695,1377986401,0,1,0,2,20
696,1377986401,3.216,0,0,2,20
697,1377986401,0,1,2,2,20
698,1377986401,3.216,0,2,2,20
699,1377986401,0,1,4,2,20
700,1377986401,0.788,0,4,2,20
701,1377986401,0,1,5,2,20
702,1377986401,0.788,0,5,2,20
703,1377986401,0,1,6,2,20
704,1377986401,3.216,0,6,2,20
705,1377986401,0,1,0,3,20
706,1377986401,0.355,0,0,3,20
707,1377986401,0,1,1,3,20
708,1377986401,3.216,0,1,3,20
709,1377986401,68.451,0,10,4,20
710,1377986401,23.183,1,10,4,20
711,1377986401,0.161,0,5,4,20
712,1377986401,0,1,5,4,20
713,1377986401,0,1,8,4,20
714,1377986401,0.788,0,8,4,20
715,1377986401,0,1,0,5,20
716,1377986401,3.216,0,0,5,20
717,1377986401,0,1,2,5,20
718,1377986401,0.788,0,2,5,20
719,1377986401,0,1,3,5,20
720,1377986401,3.701,0,3,5,20
721,1377986401,68.451,0,6,5,20
722,1377986401,130.68,1,6,5,20
723,1377986401,0,1,7,5,20
724,1377986401,0.788,0,7,5,20
725,1377986401,0,1,0,6,20
726,1377986401,0.355,0,0,6,20
727,1377986401,68.451,0,1,6,20
728,1377986401,62.634,1,1,6,20
729,1377986401,0,1,3,6,20
730,1377986401,3.216,0,3,6,20
731,1377986401,68.451,0,4,6,20
732,1377986401,71.85,1,4,6,20
733,1377986401,0.161,0,5,6,20
734,1377986401,0,1,5,6,20
735,1377986401,68.451,0,6,6,20
736,1377986401,30.992,1,6,6,20
737,1377986401,0,1,0,7,20
738,1377986401,0.788,0,0,7,20
739,1377986401,0,1,2,7,20
740,1377986401,3.701,0,2,7,20
741,1377986401,68.451,0,3,7,20
742,1377986401,29.478,1,3,7,20
743,1377986401,0,1,5,7,20
744,1377986401,3.216,0,5,7,20
745,1377986401,0.161,0,6,7,20
746,1377986401,0,1,6,7,20
747,1377986401,0,1,7,7,20
748,1377986401,3.216,0,7,7,20
749,1377986401,0,1,8,7,20
750,1377986401,0.788,0,8,7,20
751,1377986401,0,1,0,0,21
752,1377986401,0.355,0,0,0,21
753,1377986401,68.451,0,1,0,21
754,1377986401,18.704,1,1,0,21
755,1377986401,68.451,0,2,0,21
756,1377986401,28.767,1,2,0,21
757,1377986401,0,1,3,0,21
758,1377986401,0.355,0,3,0,21
759,1377986401,0,1,0,1,21
760,1377986401,3.216,0,0,1,21
761,1377986401,0,1,1,1,21
762,1377986401,3.701,0,1,1,21
763,1377986401,0.161,0,0,10,21
764,1377986401,0,1,0,10,21
765,1377986401,0,1,1,10,21
766,1377986401,3.216,0,1,10,21
767,1377986401,11.721,0,10,10,21
768,1377986401,6.882,1,10,10,21
769,1377986401,0,1,11,10,21
770,1377986401,3.216,0,11,10,21
771,1377986401,0,1,12,10,21
772,1377986401,3.216,0,12,10,21
773,1377986401,0,1,3,10,21
774,1377986401,3.216,0,3,10,21
775,1377986401,68.451,0,4,10,21
776,1377986401,31.036,1,4,10,21
777,1377986401,0,1,5,10,21
778,1377986401,3.701,0,5,10,21
779,1377986401,0.161,0,7,10,21
780,1377986401,0,1,7,10,21
781,1377986401,11.721,0,8,10,21
782,1377986401,29.767,1,8,10,21
783,1377986401,11.721,0,9,10,21
784,1377986401,17.63,1,9,10,21
785,1377986401,0,1,3,11,21
786,1377986401,3.216,0,3,11,21
787,1377986401,0,1,5,11,21
788,1377986401,3.701,0,5,11,21
789,1377986401,0,1,6,11,21
790,1377986401,0.355,0,6,11,21
791,1377986401,0,1,7,11,21
792,1377986401,0.788,0,7,11,21
793,1377986401,0,1,2,12,21
794,1377986401,0.355,0,2,12,21
795,1377986401,0,1,4,12,21
796,1377986401,0.355,0,4,12,21
797,1377986401,11.721,0,6,12,21
798,1377986401,8.308,1,6,12,21
799,1377986401,0,1,7,12,21
800,1377986401,0.355,0,7,12,21
801,1377986401,11.721,0,10,13,21
802,1377986401,17.613,1,10,13,21
803,1377986401,0,1,12,13,21
804,1377986401,3.701,0,12,13,21
805,1377986401,0,1,4,13,21
806,1377986401,0.355,0,4,13,21
807,1377986401,0,1,5,13,21
808,1377986401,3.701,0,5,13,21
809,1377986401,0.161,0,8,13,21
810,1377986401,0,1,8,13,21
811,1377986401,0,1,9,13,21
812,1377986401,3.216,0,9,13,21
813,1377986401,0,1,4,2,21
814,1377986401,3.216,0,4,2,21
815,1377986401,11.721,0,11,3,21
816,1377986401,17.384,1,11,3,21
817,1377986401,0.161,0,2,3,21
818,1377986401,0,1,2,3,21
819,1377986401,11.721,0,3,3,21
820,1377986401,20.616,1,3,3,21
821,1377986401,0,1,4,3,21
822,1377986401,3.216,0,4,3,21
823,1377986401,68.451,0,7,3,21
824,1377986401,26.793,1,7,3,21
825,1377986401,0,1,9,3,21
826,1377986401,3.216,0,9,3,21
827,1377986401,68.451,0,1,4,21
828,1377986401,49.795,1,1,4,21
829,1377986401,0.161,0,10,4,21
830,1377986401,0,1,10,4,21
831,1377986401,0.161,0,11,4,21
832,1377986401,0,1,11,4,21
833,1377986401,0.161,0,2,4,21
834,1377986401,0,1,2,4,21
835,1377986401,0,1,4,4,21
836,1377986401,0.788,0,4,4,21
837,1377986401,0,1,8,4,21
838,1377986401,0.355,0,8,4,21
839,1377986401,68.451,0,9,4,21
840,1377986401,33.184,1,9,4,21
841,1377986401,0,1,0,5,21
842,1377986401,3.216,0,0,5,21
843,1377986401,0,1,2,5,21
844,1377986401,0.788,0,2,5,21
845,1377986401,0.161,0,3,5,21
846,1377986401,0,1,3,5,21
847,1377986401,68.451,0,12,6,21
848,1377986401,64.338,1,12,6,21
849,1377986401,68.451,0,13,6,21
850,1377986401,63.038,1,13,6,21
851,1377986401,0.161,0,2,6,21
852,1377986401,0,1,2,6,21
853,1377986401,11.721,0,3,6,21
854,1377986401,18.023,1,3,6,21
855,1377986401,0,1,4,6,21
856,1377986401,0.788,0,4,6,21
857,1377986401,68.451,0,5,6,21
858,1377986401,31.731,1,5,6,21
859,1377986401,0,1,7,6,21
860,1377986401,3.216,0,7,6,21
861,1377986401,11.721,0,8,6,21
862,1377986401,34.752,1,8,6,21
863,1377986401,11.721,0,9,6,21
864,1377986401,9.764,1,9,6,21
865,1377986401,0.161,0,4,7,21
866,1377986401,0,1,4,7,21
867,1377986401,68.451,0,0,8,21
868,1377986401,52.832,1,0,8,21
869,1377986401,0,1,10,8,21
870,1377986401,0.788,0,10,8,21
871,1377986401,0,1,11,8,21
872,1377986401,0.788,0,11,8,21
873,1377986401,0.161,0,5,8,21
874,1377986401,0,1,5,8,21
875,1377986401,0,1,6,8,21
876,1377986401,0.788,0,6,8,21
877,1377986401,0,1,9,8,21
878,1377986401,0.788,0,9,8,21
879,1377986401,11.721,0,0,9,21
880,1377986401,14.121,1,0,9,21
881,1377986401,0,1,1,9,21
882,1377986401,3.216,0,1,9,21
883,1377986401,0,1,10,9,21
884,1377986401,3.216,0,10,9,21
885,1377986401,0,1,12,9,21
886,1377986401,3.216,0,12,9,21
887,1377986401,0,1,2,9,21
888,1377986401,3.701,0,2,9,21
889,1377986401,0,1,3,9,21
890,1377986401,3.216,0,3,9,21
891,1377986401,68.451,0,4,9,21
892,1377986401,47.953,1,4,9,21
893,1377986401,0,1,5,9,21
894,1377986401,0.355,0,5,9,21
895,1377986401,0,1,7,9,21
896,1377986401,0.788,0,7,9,21
897,1377986401,11.721,0,8,9,21
898,1377986401,6.203,1,8,9,21
899,1377986401,0,1,0,0,22
900,1377986401,0.788,0,0,0,22
901,1377986401,68.451,0,2,0,22
902,1377986401,36.26,1,2,0,22
903,1377986401,0,1,3,0,22
904,1377986401,3.701,0,3,0,22
905,1377986401,11.721,0,5,0,22
906,1377986401,13.446,1,5,0,22
907,1377986401,0,1,6,0,22
908,1377986401,0.788,0,6,0,22
909,1377986401,0,1,0,1,22
910,1377986401,3.701,0,0,1,22
911,1377986401,0,1,1,1,22
912,1377986401,0.355,0,1,1,22
913,1377986401,0,1,2,1,22
914,1377986401,3.701,0,2,1,22
915,1377986401,0,1,1,2,22
916,1377986401,0.355,0,1,2,22
917,1377986401,0,1,11,2,22
918,1377986401,0.788,0,11,2,22
919,1377986401,0,1,12,2,22
920,1377986401,0.355,0,12,2,22
921,1377986401,68.451,0,13,2,22
922,1377986401,50.191,1,13,2,22
923,1377986401,11.721,0,4,2,22
924,1377986401,9.416,1,4,2,22
925,1377986401,0,1,5,2,22
926,1377986401,0.788,0,5,2,22
927,1377986401,11.721,0,6,2,22
928,1377986401,21.027,1,6,2,22
929,1377986401,0,1,8,2,22
930,1377986401,0.788,0,8,2,22
931,1377986401,0,1,9,2,22
932,1377986401,3.701,0,9,2,22
933,1377986401,68.451,0,0,3,22
934,1377986401,17.573,1,0,3,22
935,1377986401,0.161,0,2,3,22
936,1377986401,0,1,2,3,22
937,1377986401,68.451,0,3,3,22
938,1377986401,22.265,1,3,3,22
939,1377986401,0,1,6,3,22
940,1377986401,3.701,0,6,3,22
941,1377986401,0,1,0,0,23
942,1377986401,0.355,0,0,0,23
943,1377986401,0,1,1,0,23
944,1377986401,0.788,0,1,0,23
945,1377986401,0,1,2,0,23
946,1377986401,3.701,0,2,0,23
947,1377986401,0,1,3,0,23
948,1377986401,0.355,0,3,0,23
949,1377986401,0,1,0,1,23
950,1377986401,0.788,0,0,1,23
951,1377986401,11.721,0,1,1,23
952,1377986401,12.481,1,1,1,23
953,1377986401,0,1,3,1,23
954,1377986401,3.216,0,3,1,23
955,1377986401,0.161,0,4,1,23
956,1377986401,0,1,4,1,23
957,1377986401,0,1,0,3,23
958,1377986401,3.216,0,0,3,23
959,1377986401,0,1,1,3,23
960,1377986401,0.788,0,1,3,23
961,1377986401,0,1,5,3,23
962,1377986401,3.216,0,5,3,23
963,1377986401,0,1,6,3,23
964,1377986401,0.788,0,6,3,23
965,1377986401,68.451,0,11,0,24
966,1377986401,62.02,1,11,0,24
967,1377986401,0,1,3,0,24
968,1377986401,3.216,0,3,0,24
969,1377986401,11.721,0,4,0,24
970,1377986401,6.607,1,4,0,24
971,1377986401,0,1,5,0,24
972,1377986401,3.216,0,5,0,24
973,1377986401,0,1,7,0,24
974,1377986401,0.355,0,7,0,24
975,1377986401,68.451,0,8,0,24
976,1377986401,25.668,1,8,0,24
977,1377986401,11.721,0,9,0,24
978,1377986401,12.22,1,9,0,24
979,1377986401,0,1,1,1,24
980,1377986401,3.216,0,1,1,24
981,1377986401,0,1,0,2,24
982,1377986401,0.788,0,0,2,24
983,1377986401,0,1,1,3,24
984,1377986401,3.216,0,1,3,24
985,1377986401,11.721,0,3,3,24
986,1377986401,13.342,1,3,3,24
987,1377986401,68.451,0,5,3,24
988,1377986401,42.869,1,5,3,24
989,1377986401,0,1,7,3,24
990,1377986401,3.216,0,7,3,24
991,1377986401,0,1,0,4,24
992,1377986401,3.701,0,0,4,24
993,1377986401,68.451,0,1,4,24
994,1377986401,28.79,1,1,4,24
995,1377986401,0,1,3,4,24
996,1377986401,0.788,0,3,4,24
997,1377986401,0.161,0,2,5,24
998,1377986401,0,1,2,5,24
999,1377986401,0.161,0,0,6,24
1000,1377986401,0,1,0,6,24
